{"val_loss": [0.6840366280078888, 0.6647909009456634, 0.6818674671649932, 0.6250412279367447, 0.5994520652294159, 0.6322014236450195, 0.6744688886404038, 0.5749264019727707, 0.5854590785503387, 0.5497784149646759, 0.5570594280958175, 0.7234845864772796, 0.6422282683849335, 0.631529631614685, 0.6226252046227455, 0.7464317286014557, 0.7095344167947769, 0.8140664994716644, 0.8057927894592285, 0.8700161719322205, 0.9570343273878098, 0.9405646532773971, 1.2462412309646607, 1.074209893643856, 1.1358568212389946, 1.2578593754768372, 1.296827459335327, 1.2711177104711533, 1.3631962954998016, 1.3901530236005784], "val_acc": [0.5609999984502793, 0.6140000003576279, 0.5730000030994415, 0.6400000035762787, 0.6630000030994415, 0.6329999953508377, 0.6459999996423721, 0.7079999971389771, 0.7, 0.7269999957084656, 0.7300000011920929, 0.6629999983310699, 0.6849999988079071, 0.7209999966621399, 0.7310000050067902, 0.7160000038146973, 0.7349999976158142, 0.705, 0.7289999997615815, 0.6980000001192093, 0.7160000026226043, 0.7260000014305115, 0.7020000052452088, 0.7090000009536743, 0.7239999985694885, 0.7089999961853027, 0.715, 0.7259999990463257, 0.7199999988079071, 0.72], "loss": [0.6928053802251816, 0.6732440704107284, 0.6526231187582016, 0.625706661939621, 0.5801580023765563, 0.5455143052339554, 0.5156906816363335, 0.4779575964808464, 0.44026707857847214, 0.4046111613512039, 0.36254756480455397, 0.3265405636280775, 0.29191856503486635, 0.24322554849088193, 0.20750139981508256, 0.17492671750485897, 0.13725800774991512, 0.11250610642135143, 0.09037856969982386, 0.07619467213749885, 0.048748231395147744, 0.048811059682630005, 0.038494308397639544, 0.029578159023658374, 0.02288409280241467, 0.03163558042491786, 0.01787126704817638, 0.015081307457876392, 0.016940007892408175, 0.01763276272948133], "acc": [0.5199999998509884, 0.5764999994635582, 0.6205000007152557, 0.6434999990463257, 0.6949999967217445, 0.7244999998807907, 0.7425000017881394, 0.7645000010728836, 0.7950000035762786, 0.8220000016689301, 0.8375000005960465, 0.8574999994039536, 0.8799999982118607, 0.903499995470047, 0.9244999951124191, 0.9299999928474426, 0.953999993801117, 0.9659999948740006, 0.9719999945163726, 0.9754999953508378, 0.9874999982118606, 0.9884999984502792, 0.9874999982118606, 0.9939999985694885, 0.9939999991655349, 0.9909999990463256, 0.9959999990463256, 0.9954999989271164, 0.9954999989271164, 0.9959999996423722]}